Organisation,URL,Parent_organisation,Exempt_from_GOVUK,Year
Crown Prosecution Service,www.cps.gov.uk,AGO,,2014
Government Legal Service,www.gls.gov.uk,AGO,,2014
HM Crown Prosecution Service Inspectorate,www.hmcpsi.gov.uk,AGO,,2014
Serious Fraud Office,www.sfo.gov.uk,AGO,,2014
ACAS,www.acas.org.uk,BIS,,2014
ACAS Training,obs.acas.org.uk,BIS,,2014
Apprenticeships,www.apprenticeships.org.uk,BIS,,2014
British Business Bank,www.british-business-bank.co.uk,BIS,,2014
British Business Club,https://britishbusinessclub.innovateuk.org/,BIS,,2014
Capital for Enterprise,www.capitalforenterprise.gov.uk,BIS,,2014
Catapult,www.catapult.org.uk,BIS,,2014
Central Arbitration Committee,www.cac.gov.uk,BIS,,2014
Certification Office,www.certoffice.org,BIS,,2014
Companies House,www.companieshouse.gov.uk,BIS,,2014
Companies House,www.companies-house.gov.uk,BIS,,2014
Competition Appeal Tribunal,www.catribunal.org.uk,BIS,,2014
Connect,connect.innovateuk.org,BIS,,2014
Consumer Futures,www.consumerfocus.org.uk,BIS,,2014
Copyright Tribunal,www.ipo.gov.uk/ctribunal.htm,BIS,,2014
Great Business (was Business in You),www.greatbusiness.gov.uk,BIS,,2014
Growth Accelerator,www.growthaccelerator.com,BIS,,2014
HM Land Registry,www.landregistry.gov.uk,BIS,,2014
Insolvency Practitioners' Tribunal,www.bis.gov.uk/insolvency,BIS,,2014
Insolvency Rules Committee,www.insolvencydirect.bis.gov.uk/insolvencyprofessionandlegislation/irc/irc.htm,BIS,,2014
Investors In People,www.investorsinpeople.co.uk,BIS,,2014
Knowledge Transfer Partnerships,www.ktponline.org.uk/,BIS,,2014
Live Work Play Broadband,www.liveworkplaybroadband.org.uk/,BIS,,2014
Met Office,www.metoffice.gov.uk,BIS,,2014
National Careers Service,https://nationalcareersservice.direct.gov.uk/Pages/Home.aspx,BIS,,2014
News.bis.gov.uk,www.news.bis.gov.uk,BIS,,2014
Office for Fair Access,www.offa.org.uk,BIS,,2014
Ordnance Survey,www.ordnancesurvey.co.uk,BIS,,2014
Science & Society,http://scienceandsociety.bis.gov.uk/,BIS,,2014
Student Loan Repayment,www.studentloanrepayment.co.uk,BIS,,2014
Student Loans Company,www.slc.co.uk,BIS,,2014
Tech City UK,www.techcityuk.com/#!/home,BIS,,2014
Technology Strategy Board,www.innovateuk.org,BIS,,2014
The Consumer Rights Bill,http://discuss.bis.gov.uk/consumerrightsbill/,BIS,,2014
The Companies Name Tribunal,www.ipo.gov.uk/cna.htm,BIS,,2014
The Intellectual Property Office,www.ipo.gov.uk,BIS,,2014
The Qualifications and Credit Framework,http://qcfiguide.skillsfundingagency.bis.gov.uk/,BIS,,2014
UK Green Investment Bank,www.greeninvestmentbank.com,BIS,,2014
UKTI - Open to Export,www.opentoexport.com,BIS,,2014
Unistats,www.unistats.com,BIS,,2014
Wave Hub,www.wavehub.co.uk/,BIS,,2014
Advisory Committee on Business Appointments,acoba.independent.gov.uk/,CO,,2014
Big Society Awards,www.bigsocietyawards.org/,CO,,2014
Boundary Commission for England,consultation.boundarycommissionforengland.independent.gov.uk/,CO,,2014
CERT-UK,cert.gov.uk,CO,,2014
Civil Service Commission,civilservicecommission.independent.gov.uk/,CO,,2014
Civil Service Faststream,faststream.civilservice.gov.uk/,CO,,2014
Commissioner for Public Appointments,publicappointmentscommissioner.independent.gov.uk/,CO,,2014
Committee on Standards in Public Life,www.public-standards.gov.uk/,CO,,2014
Data,www.data.gov.uk/,CO,,2014
Detainee Enquiry,www.detaineeinquiry.org.uk/,CO,,2014
European Memoranda,europeanmemoranda.cabinetoffice.gov.uk,CO,,2014
Government Communication Network,https://gcn.civilservice.gov.uk/,CO,,2014
GOV.UK,www.gov.uk,CO/GDS,,2014
Crown Commercial Service (formerly Gov Procurement Service),gps.cabinetoffice.gov.uk/ (ogcbs.gov.uk),CO,,2014
Crown Commercial Service,http://ccs.cabinetoffice.gov.uk/,CO,,2014
HMGCC - Her Majesty's Government Communications Centre,www.hmgcc.gov.uk/,CO,,2014
House of Lords Appointments Commission,lordsappointments.independent.gov.uk/,CO,,2014
Independent,www.independent.gov.uk,CO,,2014
Intelligence and Security Committee,isc.independent.gov.uk/,CO,,2014
Iraq Inquiry,www.iraqinquiry.org.uk/,CO,,2014
Lords Whips Office,www.lordswhips.org.uk,CO,,2014
Mutuals Information Service,mutuals.cabinetoffice.gov.uk,CO,,2014
Civil Service,http://my.civilservice.gov.uk/,CO,,2014
National Citizen Service,www.ncsyes.co.uk/,CO,,2014
National Survey of Charities and Social Enterprises,www.nscsesurvey.com/,CO,,2014
Payroll Giving,http://communitylife.cabinetoffice.gov.uk/,CO,,2014
Community Life Survey,http://communitylife.cabinetoffice.gov.uk/,CO,,2014
Privy Council Office,privycouncil.independent.gov.uk/,CO,,2014
Public Appointments,publicappointments.cabinetoffice.gov.uk,CO,,2014
Red Tape Challenge,www.redtapechallenge.cabinetoffice.gov.uk/home/index/,CO,,2014
TV Fillers,http://communication.cabinetoffice.gov.uk/fillers/,CO,,2014
Audit Commission,www.auditcommission.gov.uk,DCLG,,2014
Audit Commission,www.audit-commission.gov.uk,DCLG,,2014
Homes and Communities Agency,www.homesandcommunities.co.uk/,DCLG,,2014
Housing Ombudsman,www.housing-ombudsman.org.uk/,DCLG,,2014
Infrastructure Planning Commission,infrastructure.planningportal.gov.uk/,DCLG,,2014
Infrastructure Planning Commission,infrastructure.independent.gov.uk/,DCLG,,2014
Leasehold Advisory Service,www.lease-advice.org,DCLG,,2014
Local goverment finance information for local authorities,www.local.communities.gov.uk,DCLG,,2014
Local Government Ombudsman,www.lgo.org.uk,DCLG,,2014
Planning Portal / Planning Guidance (on site),planningportal.gov.uk,DCLG,,2014
QEII Conference Centre,www.qeiicc.co.uk,DCLG,,2014
Review of Government Planning Practice Guidance,http://planningguidance.readandcomment.com/,DCLG,,2014
Right to Buy,righttobuy.communities.gov.uk/,DCLG,,2014
Valuation Tribunal Service for England/Valuation Tribunal Service,www.valuationtribunal.gov.uk/,DCLG,,2014
Air Accidents Investigation Branch,www.aaib.gov.uk,DfT,,2014
Bikeability campaign site,http://bikeability.dft.gov.uk/,DfT,,2014
Directly Operated Railways Limited,www.directlyoperatedrailways.co.uk,DfT,,2014
Drug Drive campaign site,drugdrive.direct.gov.uk,DfT,,2014
English Road Safety Comparison,road-collisions.dft.gov.uk/,DfT,,2014
High Speed Two Limited,www.hs2.org.uk/,DfT,,2014
Highways Agency,www.highways.gov.uk,DfT,,2014
Marine Accident Investigation Branch,www.maib.gov.uk,DfT,,2014
Maritime and Coastguard Agency,www.dft.gov.uk/mca/,DfT,,2014
Office of Rail Regulation,www.rail-reg.gov.uk,DfT,,2014
Office of Rail Regulation,www.orr.gov.uk,DfT,,2014
Passenger Focus,www.passengerfocus.org.uk,DfT,,2014
Rail Accidents Investigation Branch,www.raib.gov.uk,DfT,,2014
Sharp Motorcycle Safety,http://sharp.direct.gov.uk/,DfT,,2014
Standards for Highways,www.dft.gov.uk/ha/standards/sitemap.htm,DfT,,2014
Tales of the Road campaign site,talesoftheroad.direct.gov.uk/,DfT,,2014
Think! Campaign site,http://think.direct.gov.uk/,DfT,,2014
Vehicle Certification Agency,www.dft.gov.uk/vca,DfT,,2014
Advisory Committee on the Government Art Collection,www.gac.culture.gov.uk/advisory_committee.html,DCMS,,2014
Arts Council England,www.artscouncil.org.uk,DCMS,,2014
BBC,www.bbc.co.uk,DCMS,,2014
British Film Institute,www.bfi.org.uk,DCMS,,2014
British Library,www.bl.uk,DCMS,,2014
Channel 4,www.channel4.com,DCMS,,2014
English Heritage,www.english-heritage.org.uk,DCMS,,2014
Equality and Human Rights Commission,www.equalityhumanrights.com/,DCMS,,2014
Gambling Commission,www.gamblingcommission.gov.uk,DCMS,,2014
Government Art Collection,www.gac.culture.gov.uk/,DCMS,,2014
Heritage Lottery Fund,www.hlf.org.uk,DCMS,,2014
Historic Royal Palaces,www.hrp.org.uk,DCMS,,2014
Inspiring Learning,www.inspiringlearning.gov.uk/,DCMS,,2014
National Heritage Memorial Fund,www.nhmf.org.uk,DCMS,,2014
National Lottery Commission,www.natlotcomm.gov.uk,DCMS,,2014
Ofcom,www.ofcom.org.uk,DCMS,,2014
S4C,www.s4c.co.uk,DCMS,,2014
Sport England,www.sportengland.org/,DCMS,,2014
Sports Grounds Safety Authority,www.safetyatsportsgrounds.org.uk,DCMS,,2014
The Royal Parks,www.royalparks.gov.uk,DCMS,,2014
The Theatres Trust,www.theatrestrust.org.uk/,DCMS,,2014
UK Anti-Doping,www.ukad.org.uk,DCMS,,2014
UK Sport,www.uksport.gov.uk,DCMS,,2014
VisitBritain,www.visitbritain.com,DCMS,,2014
VisitEngland,www.visitengland.com,DCMS,,2014
Building Energy Performance Assessment,www.ncm-pcdb.org.uk/sap/index.jsp,DECC,,2014
CHP Focus,chp.decc.gov.uk/cms/,DECC,,2014
CHPQA - Quality Assurance for Combined Heat and Power,chpqa.decc.gov.uk/,DECC,,2014
Coal Authority,coal.decc.gov.uk/,DECC,,2014
Committee on Climate Change,www.theccc.org.uk/,DECC,,2014
DECC Blog,blog.decc.gov.uk/,DECC,,2014
Energy Technology List,etl.decc.gov.uk/etl/,DECC,,2014
EU Energy Focus,euenergyfocus.co.uk/,DECC,,2014
Green Deal Advisory Body,www.greendealorb.co.uk/,DECC,,2014
Green Deal Cashback,https://gdcashback.decc.gov.uk,DECC,,2014
Green Deal Cashback,gdcashback.gov.uk,DECC,,2014
Nuclear Decommissioning Authority,www.nda.gov.uk/,DECC,,2014
Ofgem,www.ofgem.gov.uk,DECC,,2014
Restats,https://restats.decc.gov.uk,DECC,,2014
Advisory Committee on Pesticides,www.pesticides.gov.uk/guidance/industries/pesticides/advisory-groups/acp,DEFRA,,2014
Agricultural Land Tribunal *,archive.defra.gov.uk/foodfarm/farmmanage/alt/,DEFRA,,2014
AHVLA Scientific,www.ahvlascientific.com,DEFRA,,2014
Animal Health & Veterinary Laboratories Agency - ESNIP3,www.esnip3.eu,DEFRA,,2014
Animal Health & Veterinary Laboratories Agency - Flulab,www.flu-lab-net.eu,DEFRA,,2014
Animal Health and Veterinary Laboratories Agency *,www.defra.gov.uk/ahvla-en/,DEFRA,,2014
Animal Health and Veterinary Laboratories Agency *,animalhealth.defra.gov.uk,DEFRA,,2014
Animal Health and Veterinary Laboratories Agency *,vla.defra.gov.uk,DEFRA,,2014
Animal Reporting and Movement Service,www.arams.co.uk,DEFRA,,2014
Archive.Defra,archive.defra.gov.uk,DEFRA,,2014
Board of Trustees of the Royal Botanic Gardens Kew,www.kew.org/about-kew/who-we-are/board-of-trustees/index.htm,DEFRA,,2014
Broads Authority,www.broads-authority.gov.uk,DEFRA,,2014
Centre for Environment Fisheries and Aquaculture Science,www.cefas.defra.gov.uk/,DEFRA,,2014
Covent Garden Market Authority,www.newcoventgardenmarket.com,DEFRA,,2014
Dartmoor National Park Authority,www.dartmoor-npa.gov.uk,DEFRA,,2014
Drinking Water Inspectorate,www.dwi.gov.uk,DEFRA,,2014
Ecosystems Knowledge Network,www.naturalcapitalinitiative.org.uk/ekn/form,DEFRA,,2014
Ecosystem Markets Task Force,www.defra.gov.uk/ecosystem-markets,DEFRA,,2014
Environment Agency *,http://evidence.environment-agency.gov.uk/,DEFRA,,2014
EU Ecolabel,http://ecolabel.defra.gov.uk/,DEFRA,,2014
Exmoor National Park Authority,www.exmoor-nationalpark.gov.uk/,DEFRA,,2014
Farm Animal Welfare Committee *,www.defra.gov.uk/fawc/,DEFRA,,2014
Farming Advice Service,www.defra.gov.uk/farming-advice/,DEFRA,,2014
Flood Forecasting Centre,www.ffc-environment-agency.metoffice.gov.uk,DEFRA,,2014
Geomatics Web Portal,https://www.geomatics-group.co.uk,DEFRA,,2014
Government Veterinary Surgeons *,www.defra.gov.uk/gvs/,DEFRA,,2014
Government Veterinary Surgeons *,gvs.gov.uk,DEFRA,,2014
Horizon Scanning & Futures Home,http://horizonscanning.defra.gov.uk/default.aspx,DEFRA,,2014
Joint Nature Conservation Committee,jncc.defra.gov.uk/,DEFRA,,2014
Lake District National Park Authority,www.lakedistrict.gov.uk/,DEFRA,,2014
Marine Management Organisation,www.marinemanagement.org.uk/,DEFRA,,2014
Marine Science Coordination Committee,www.defra.gov.uk/mscc/,DEFRA,,2014
National Collection of Plant Pathogenic Bacteria,ncppb.com/,DEFRA,,2014
National Forest Company,www.nationalforest.org,DEFRA,,2014
National Laboratory Service,www.natlabs.co.uk/,DEFRA,,2014
National Parks Authority,www.nationalparks.gov.uk,DEFRA,,2014
National Trails,www.nationaltrail.co.uk/,DEFRA,,2014
Natural Capital Committee,www.defra.gov.uk/naturalcapitalcommittee,DEFRA,,2014
Natural England,www.naturalengland.org.uk/,DEFRA,,2014
Natural England,openaccess.gov.uk,DEFRA,,2014
Natural England,naturalengland.gov.uk,DEFRA,,2014
Natural England,www.natureonthemap.naturalengland.org.uk/,natural-england,,2014
New Forest National Park Authority,www.newforestnpa.gov.uk,DEFRA,,2014
Non-Native Species Secretariat (GB),nonnativespecies.defra.gov.uk,DEFRA,,2014
North York Moors National Park,www.northyorkmoors.org.uk,DEFRA,,2014
Ofwat (Water Services Regulation Authority),www.ofwat.gov.uk,DEFRA,,2014
Partnership for Action Against Wildlife Crime,www.defra.gov.uk/paw/,DEFRA,,2014
Recycle Now,www.recyclenow.com/,DEFRA,,2014
RDPE Network,http://rdpenetwork.defra.gov.uk/,DEFRA,,2014
Royal Botanic Gardens Kew,www.kew.org/,DEFRA,,2014
Rural Payments Agency,www.rpa.gov.uk,DEFRA,,2014
Sea Fish Industry Authority,www.seafish.org/,DEFRA,,2014
Sea Fish Licence Tribunal,ajtc.justice.gov.uk/stats/117.htm,DEFRA,,2014
Sustainable development in government,http://sd.defra.gov.uk/,DEFRA,,2014
"The central point of expertise for timber procurement",www.cpet.org.uk/,DEFRA,,2014
UK Climate Impacts Programme (UKCIP),www.ukcip.org.uk/,DEFRA,,2014
UK Co-ordinating Body (UKCB) Cap Payments,http://staging.cap-payments.defra.gov.uk/Logon.aspx,DEFRA,,2014
United Kingdom Pollutant Release and Transfer Register,http://prtr.defra.gov.uk/,DEFRA,,2014
UK Smoke Control Areas,http://smokecontrol.defra.gov.uk/,DEFRA,,2014
Veterinary Medicines Directorate,www.vmd.defra.gov.uk/,DEFRA,,2014
Veterinary Products Committee,www.vmd.defra.gov.uk/vpc/,DEFRA,,2014
Veterinary Residues Committee,www.vmd.defra.gov.uk/vrc/,DEFRA,,2014
Waste and Resources Action Programme,www.wrap.org.uk/,DEFRA,,2014
GM Inspectorate,gm-inspectorate.gov.uk,DEFRA,,2014
CAN Parent,www.canparent.org.uk/,DfE,,2014
Children & Family Court Advisory and Support Service,www.cafcass.gov.uk,DfE,,2014
Get Into Teaching,www.education.gov.uk/get-into-teaching,DfE,,2014
National College for School Leadership - corporate site,www.education.gov.uk/nationalcollege/,DfE,,2014
Office of Schools Adjudicator,www.education.gov.uk/schoolsadjudicator,DfE,,2014
Office of the Children's Commissioner,www.childrenscommissioner.gov.uk,DfE,,2014
Ofqual,www.ofqual.gov.uk/,DfE,,2014
Ofsted,www.ofsted.gov.uk,DfE,,2014
Standards and Testing Agency,www.education.gov.uk/aboutdfe/armslengthbodies/b00198511/sta,DfE,,2014
The Register of Regulated Qualifications,http://register.ofqual.gov.uk/,DfE,,2014
Train to Teach Roadshows 2014,http://traintoteach.education.gov.uk/,DfE,,2014
Young People's Learning Agency,ypla.gov.uk,DfE,,2014
Independent Commission for Aid Impact,icai.independent.gov.uk/,DfID,,2014
Stabilisation Unit,www.stabilisationunit.gov.uk/,DfID,,2014
Administration of Radioactive Substances Advisory Committee,www.arsac.org.uk/,DH/PHE,,2014
Advisory Board on Registration of Homeopathic Products,www.mhra.gov.uk/Committees/Medicinesadvisorybodies/AdvisoryBoardontheRegistrationofHomoeopathicProducts/index.htm,DH,,2014
Advisory Committee on Borderline Substances,www.mhra.gov.uk/Howweregulate/Medicines/Doesmyproductneedalicence/Borderlineproducts/AdvisoryCommitteeonBorderlineSubstances/index.htm,DH,,2014
British Pharmacopoeia,pharmacopoeia.mhra.gov.uk,DH/MHRA,,2014
British Pharmacopoeia,pharmacopoeia.gov.uk,DH/MHRA,,2014
Care Quality Commission,www.cqc.org.uk,DH,,2014
Commission on Human Medicines,www.mhra.gov.uk/Committees/Medicinesadvisorybodies/CommissiononHumanMedicines/index.htm,DH,,2014
Committee Examining Radiation Risks of Internal Emitters (CERRIE),www.cerrie.org/,DH/PHE,,2014
"Committee on Carcogenicity of Chemicals in Food, Conumser Products and the Environment",www.iacoc.org.uk/,DH/PHE,,2014
Committee on Medical Aspects of Radiation in the Environment,www.comare.org.uk/,DH/PHE,,2014
Committee on Medical Aspects of Radiation in the Environment,www.comare.info/,DH/PHE,,2014
Committee on Medical Effects of Air Pollutants,comeap.org.uk/,DH/PHE,,2014
"Committee on Mutagenicity of Chemicals in Food, Consumer Products and the Environment",www.iacom.org.uk/,DH/PHE,,2014
Committee on the Safety of Devices,www.mhra.gov.uk/Committees/Devices/CommitteeontheSafetyofDevices/index.htm,DH,,2014
Council for Healthcare Regulatory Excellence,www.chre.org.uk,DH,,2014
EatSafe,eatsafe.gov.uk,FSA,,2014
e-BUG,www.e-bug.eu/,DH/PHE,,2014
Food Standards Agency,www.food.gov.uk/,FSA,,2014
Health and Social Care Information Centre,www.ic.nhs.uk,DH,,2014
Health Education England,www.hee.nhs.uk,DH,,2014
Health Protection Agency,www.hpa.org.uk,DH/PHE,,2014
Health Protection Agency Radiation Protection Services,https://www.hpa-radiationservices.org.uk/,DH/PHE,,2014
Healthwatch England,www.healthwatch.co.uk,DH,,2014
Herbal Medicines Advisory Committee,www.mhra.gov.uk/Committees/Medicinesadvisorybodies/HerbalMedicinesAdvisoryCommittee/index.htm,DH,,2014
HPACultures,www.hpacultures.org.uk/,DH/PHE,,2014
Human Fertilisation and Eymbryology Authority,www.hfea.gov.uk,DH,,2014
Human Fertilisation and Eymbryology Authority,http://guide.hfea.gov.uk/guide/,DH,,2014
Human Tissue Authority,hta.gov.uk,DH,,2014
Human Tissue Authority,humantissueauthority.gov.uk,DH,,2014
Independent Expert Group on Mobile Phones (IEGMP),www.iegmp.org.uk/,DH/PHE,,2014
Independent Reconfiguration Panel,www.irpanel.org.uk/,DH,,2014
Independent Review on Classification of Borderline Products,www.mhra.gov.uk/Committees/Medicinesadvisorybodies/IndependentReviewPanelontheClassificationofBorderlineProducts/index.htm,DH/MHRA,,2014
Independent Review Panel on Advertising of Medicines,www.mhra.gov.uk/Committees/Medicinesadvisorybodies/IndependentReviewPanelforAdvertising/index.htm,DH/MHRA,,2014
Medicines and Healthcare Products Regulatory Agency,www.mhra.gov.uk,DH/MHRA,,2014
Monitor,www.monitor-nhsft.gov.uk,DH/MONITOR,,2014
Monitor,www.joinmonitor.com,DH/MONITOR,,2014
Monitor,nhsft-regulator.gov.uk,DH/MONITOR,,2014
myhealthlondon,www.myhealth.london.nhs.uk,DH,,2014
National Information Governance Board for Health and Social Care,www.nigb.nhs.uk/,DH,,2014
National Institute for Clincial Excellence,www.nice.org.uk/,DH,,2014
National Patient Safety Agency,www.npsa.nhs.uk/,DH,,2014
National Treatment Agency for Substance Misuse,www.nta.nhs.uk/,DH,,2014
NHS,www.nhs.uk,DH,,2014
NHS Blood and Transplant,www.nhsbt.nhs.uk/,DH,,2014
NHS Business Services Authority,www.nhsbsa.nhs.uk/,DH,,2014
NHS Commissioning Board Authority,www.commissioningboard.nhs.uk/,DH,,2014
NHS Institute for Innovation and Improvement,www.institute.nhs.uk/,DH,,2014
NHS Litigation Authority,www.nhsla.com/home.htm,DH,,2014
NHS Trust Development Authority,www.ntda.nhs.uk/,DH,,2014
Scientific Advisory Committee on Nutrition,www.sacn.gov.uk/,DH/PHE,,2014
Talk To Frank,www.talktofrank.com/,DH,,2014
UK Atmospheric Dispersion Modelling Methods,www.admlc.org.uk/,DH/PHE,,2014
UK Radon,www.ukradon.org/,DH/PHE,,2014
Buncefield Investigation,buncefieldinvestigation.gov.uk,DWP,,2014
Child Maintenance Options,www.cmoptions.org,DWP,,2014
Equality 2025,http://odi.dwp.gov.uk/equality-2025/index.php/,DWP,,2014
Health and Safety Executive,www.hse.gov.uk,DWP,,2014
Health and Safety Laboratory,www.hsl.gov.uk,DWP,,2014
Industrial Injuries Advisory Council,http://iiac.independent.gov.uk,DWP,,2014
National Employee Savings Trust Corporation,www.nestpensions.org.uk,DWP,,2014
Office for Disability Issues,http://odi.dwp.gov.uk,DWP,,2014
Pension Protection Fund,www.pensionprotectionfund.org.uk,DWP,,2014
Pensions Ombudsman,"www.pensions-ombudsman.org.uk/ ",DWP,,2014
Pensions Protection Fund Ombudsman,www.ppfo.org.uk,DWP,,2014
The Pensions Advisory Service,www.pensionsadvisoryservice.org.uk,DWP,,2014
The Pensions Regulator,www.thepensionsregulator.gov.uk,DWP,,2014
Remploy Ltd,www.remploy.co.uk,DWP,,2014
Social Security Advisory Committee,http://ssac.independent.gov.uk,DWP,,2014
BBC World Service,www.bbc.co.uk/worldservice/,FCO,,2014
British Council,www.britishcouncil.org,FCO,,2014
CESG,www.cesg.gov.uk/,FCO,,2014
FCO Services,www.fcoservices.gov.uk,FCO,,2014
GCHQ Careers,www.gchq-careers.co.uk/,FCO,,2014
Government Communications Headquarters,www.gchq.gov.uk/Pages/homepage.aspx,FCO,,2014
Great Britain China Centre,www.gbcc.org.uk/,FCO,,2014
Marshall Aid Commemoration Commission,www.marshallscholarship.org/,FCO,,2014
Provisional Reconstruction Team,www.helmandprt.com,FCO,,2014
Secret Intelligence Service,www.sis.gov.uk/,FCO,,2014
Westminster Foundation for Democracy,www.wfd.org,FCO,,2014
Wilton Park,www.wiltonpark.org.uk,FCO,,2014
Cyber Streetwise,www.cyberstreetwise.com,HO,,2014
Hillsborough Independent Panel,hillsborough.independent.gov.uk,HO,,2014
Criminal Justice Inspectorates ,www.justiceinspectorates.gov.uk,HO,,2014
Gangmasters Licensing Authority *,gla.gov.uk,HO,,2014
HM Inspectorate of Constabulary,www.hmic.gov.uk,HO,,2014
Independent Chief Inspector of Borders and Immigration,icinspector.independent.gov.uk/,HO,,2014
Independent Police Complaint Commission,www.ipcc.gov.uk,HO,,2014
Independent Reviewer of Terrorism Legislation,terrorismlegislationreviewer.independent.gov.uk/,HO,,2014
Investigatory Powers Tribunal,www.ipt-uk.com/,HO,,2014
Learndirect,www.learndirect.com/,HO,,2014
The National Counter Terrorism Security Office,www.nactso.gov.uk/,HO,,2014
National Crime Agency,www.homeoffice.gov.uk/crime/nca/,HO,,2014
Office of Surveillance Commissioners,osc.independent.gov.uk,HO,,2014
Office of the Immigration Services Commissioner,oisc.gov.uk,HO,,2014
Office of the Immigration Services Commissioner,oisc.homeoffice.gov.uk/,HO,,2014
Police Recruitment,policerecruitment.homeoffice.gov.uk/,HO,,2014
Secure Your Fertilizer,www.secureyourfertiliser.gov.uk/,HO,,2014
Security Industry Authority,www.sia.homeoffice.gov.uk/Pages/home.aspx,HO,,2014
Security Industry Authority ACS Achievement Record,www.assessment.sia.homeoffice.gov.uk/home/acs/members/acslogin.html,HO,,2014
Think U Know,www.thinkuknow.co.uk,HO,,2014
This Is Abuse,thisisabuse.direct.gov.uk,HO,,2014
WARP,www.warp.gov.uk/,HO,,2014
Wimbledon and Putney Conservators,www.wpcc.org.uk,HO,,2014
Centre for the Protection of National Infrastructure (CPNI),www.cpni.gov.uk/,HO,,2014
Centre for the Protection of National Infrastructure (CPNI),csirtuk.gov.uk,HO,,2014
Valuation Office Agency,www.voa.gov.uk/corporate/index.html,HMRC,,2014
District Valuer Services,www.voa.gov.uk/dvs/index.html,HMRC,,2014
The AdjudicatorÕs Office,adjudicators.gov.uk,HMRC,,2014
The AdjudicatorÕs Office,www.adjudicatorsoffice.gov.uk,HMRC,,2014
Crown Estate,www.thecrownestate.co.uk/,HMT,,2014
Equitable Life Payment Scheme,http://equitablelifepaymentscheme.independent.gov.uk/,HMT,,2014
Financial Services Authority,www.fsa.gov.uk/,HMT,,2014
Financial Services Compensation Scheme,www.fscs.org.uk/,HMT,,2014
Government Finance Profession,thegfp.treasury.gov.uk/,HMT,,2014
NS&I,www.nsandi.com/,HMT,,2014
Office for Budget Responsibility,budgetresponsibility.independent.gov.uk/,HMT,,2014
Office of Tax Simplification blog,taxsimplificationblog.wordpress.com/,HMT,,2014
Public Works Loan Board,www.dmo.gov.uk/index.aspx?page=PWLB/Introduction - pwlb.gov.uk,HMT,,2014
The Royal Mint,www.royalmint.com,HMT,,2014
UK Debt Management Office,www.dmo.gov.uk/,HMT,,2014
UK Financial Investments Limited,www.ukfi.co.uk/,HMT,,2014
Admiralty,admiralty.co.uk/,MOD,,2014
Alsweady Inquiry,www.alsweadyinquiry.org/,MOD,,2014
Armed Forces Day,www.armedforcesday.org.uk/,MOD,,2014
Army,www.army.mod.uk/,MOD,,2014
British Forces Germany,www.bfgnet.de,MOD,,2014
Council for Reserve Forces and Cadets Associations,www.rfcacouncil.org.uk/,MOD,,2014
Defence Academy,www.da.mod.uk,MOD,,2014
Defence Contracts Online,www.contracts.mod.uk,MOD,,2014
Defence Science and Technlogy,www.science.mod.uk/,MOD,,2014
Defence Science and Technology Laboratory,www.dstl.gov.uk,MOD,,2014
Defence Support Group,www.dsg.mod.uk/,MOD,,2014
"Defence, Press and Broadcasting Advisory Committee",www.dnotice.org.uk,MOD,,2014
HMNAO Astronomical Data Portal,astro.ukho.gov.uk/,MOD,,2014
Military Aviation Authority,www.maa.mod.uk,MOD,,2014
MoD Blogs,www.blogs.mod.uk/,MOD,,2014
Permanent Committee on Geographical Names for British Official Use,www.pcgn.org.uk/,MOD,,2014
Proud to Serve,www.proud2serve.net,MOD,,2014
Queen's Harbour Master,www.qhm.mod.uk/,MOD,,2014
Royal Navy,www.royalnavy.mod.uk/,MOD,,2014
SABRE,www.sabre.mod.uk/,MOD,,2014
Service Children's Education,www.sce-web.com/,MOD,,2014
Service Complaints Commissioner (SCC),armedforcescomplaints.independent.gov.uk,MOD,,2014
Royal Air Force,www.raf.mod.uk/,MOD,,2014
Service Prosecuting Authority,spa.independent.gov.uk,MOD,,2014
UK Hydrographic Office,www.ukho.gov.uk,MOD,,2014
Veterans UK Info,www.veterans-uk.info,MOD,,2014
Academy for Justice Commissioning,www.academyforjusticecommissioning.org.uk/,MOJ,,2014
Azelle Rodney Inquiry,azellerodneyinquiry.independent.gov.uk/index.htm,MOJ,,2014
Hillsborough Inquests,http://hillsboroughinquests.independent.gov.uk/,MOJ,,2014
Independent Advisory Panel on Deaths in Custody,iapdeathsincustody.independent.gov.uk/,MOJ,,2014
Information Commissioner's Office,www.ico.gov.uk,MOJ,,2014
Judicial Appointments Commission,jac.judiciary.gov.uk/,MOJ,,2014
Judicial Committee of the Privy Council,www.jcpc.gov.uk,MOJ,,2014
Judicial Conduct Investigations Office,http://judicialconduct.judiciary.gov.uk/index.htm,MOJ,,2014
Judiciary,www.judiciary.gov.uk,MOJ,,2014
Law Commission,http://lawcommission.justice.gov.uk/,MOJ,,2014
Legal Services Board,www.legalservicesboard.org.uk/,MOJ,,2014
Legal Services Consumer Panel,legalservicesconsumerpanel.org.uk,MOJ,,2014
Legislation,www.legislation.gov.uk,MOJ,,2014
Open Justice,open.justice.gov.uk,MOJ,,2014
Prisons and Probation Ombudsman,www.ppo.gov.uk,MOJ,,2014
Sentencing Council for England and Wales,sentencingcouncil.judiciary.gov.uk/,MOJ,,2014
Supreme Court of the United Kingdom,www.supremecourt.gov.uk,MOJ,,2014
The Legal Ombudsman,www.legalombudsman.org.uk/,MOJ,,2014
The Mark Duggan Inquest,http://dugganinquest.independent.gov.uk/,MOJ,,2014
The National Archives,www.nationalarchives.gov.uk,MOJ,,2014
You Be The Judge,ybtj.justice.gov.uk/,MOJ,,2014
Advisory Committee on Animal Feeding stuffs,http://acaf.food.gov.uk,FSA,,2014
Advisory Committee on Novel Foods and Processes,www.food.gov.uk/acnfp,FSA,,2014
Advisory Committee on the Microbiological Safety of Food,www.food.gov.uk/acmsf,FSA,,2014
"Committee on Toxicity of Chemicals in Food, Consumer Products and the Environment",www.food.gov.uk/cot,FSA,,2014
Intelligence and Security Committee,isc.independent.gov.uk/,Other,,2014
General Advisory Committee on Science,www.food.gov.uk/gacs,FSA,,2014
Jeffrey Review,www.justice.gov.uk/about/the-jeffrey-review,Other,,2014
MI5 (home office),https://www.mi5.gov.uk/,HO,,2014
Macur Review,www.justice.gov.uk/about/macur-review,Other,,2014
Nomis - Official Labour Market Statistics,https://www.nomisweb.co.uk/,Other,,2014
Office for National Statistics,www.ons.gov.uk,Other,,2014
Prince of Wales,www.princeofwales.gov.uk,Other,,2014
Royal,www.royal.gov.uk,Other,,2014
The Charity Commission,www.charitycommission.gov.uk,Other,,2014
UK Statistics,www.statistics.gov.uk,Other,,2014
UK Statistics Authority,www.statisticsauthority.gov.uk,Other,,2014
The Electoral Commission,electoralcommission.gov.uk,Independent,,2014
The Electoral Commission,electoral-commission.gov.uk,Independent,,2014
Boundary Commission for Scotland,www.bcomm-scotland.independent.gov.uk/,SO,,2014
Scottish Boundary Commission,www.scottishboundaries.gov.uk,SO,,2014
Boundary Commission for Northern Ireland,www.boundarycommission.org.uk/,NIO,,2014
Natural Resources Wales,naturalresourceswales.gov.uk,WO,,2014
Northern Ireland Human Rights Commission,www.nihrc.org/,NIO,,2014
Parades Commission for Northern Ireland,www.paradescommission.org/,NIO,,2014
Boundary Commission for Wales,bcomm-wales.gov.uk/?lang=en,WG,,2014